classification,total_pnl,avg_pnl,median_pnl,win_rate,trades
Extreme Fear,739110.24849,34.53786207897196,0.0,0.370607476635514,21400
Extreme Greed,2715171.310673,67.89286133909282,0.0,0.46494298859771954,39992
Fear,3357155.441642,54.2903996254993,0.0,0.42076750165758364,61837
Greed,2150129.272951,42.74355948851957,0.0,0.38482794266743536,50303
Neutral,1292920.67555,34.30771839807886,0.0,0.3969909250119408,37686
