classification,total_pnl,total_volume,total_fee,trades,pnl_per_trade,pnl_per_volume,fee_per_volume
Extreme Fear,739110.24849,114484261.44,23888.6339393869,21400,34.53786207897196,0.006455998747717475,0.00020866303925895247
Extreme Greed,2715171.310673,124465164.57,27030.66546515,39992,67.89286133909282,0.021814708718325523,0.00021717454484983855
Fear,3357155.441642,483324789.79,92456.9486741548,61837,54.2903996254993,0.006945961623654048,0.0001912936199989379
Greed,2150129.272951,288582494.72,63098.6919791683,50303,42.74355948851957,0.007450657306976238,0.00021865044877510822
Neutral,1292920.67555,180242063.08,39374.2683038708,37686,34.30771839807886,0.007173246097256112,0.0002184521616710225
